{
  "r_short_endo": 1.6,
  "r_short_epi": 2.6,
  "r_long_endo": 5.5,
  "r_long_epi": 6.5,
  "psize_ref": 1.5,
  "mu_apex_endo": -3.141592653589793,
  "mu_base_endo": -1.387961189801988,
  "mu_apex_epi": -3.141592653589793,
  "mu_base_epi": -1.4163367283107124,
  "create_fibers": true,
  "fibers_angle_endo": 60,
  "fibers_angle_epi": -60,
  "fiber_space": "P_1",
  "aha": true,
  "cardiac_geometry_version": "0.3.0",
  "timestamp": "2024-08-19T16:48:46.362469"
}